dataset,n,n_clusters,method,tau_total,tau_direct,tau_via_M,se,ci_lower,ci_upper,p_value,time_s,phi_NDE_mean,phi_NIE_mean,theta_00,theta_10,theta_11
UCI_Math,395,2,Substitution,-0.22644220686523914,-0.12238437256551518,-0.10405783429972396,0.24726274159785205,-0.7110771803970292,0.2581927666665509,0.3597739503415358,0.4730989933013916,,,,,
UCI_Math,395,2,EIF,-5.155801613689215,-8.456785616003522,3.3009840023143067,1.1439822887404167,-7.398006899620432,-2.9135963277579986,6.578491103192974e-06,0.329301118850708,-2.878147790420659e-16,-2.590333011378593e-15,14.094632384914448,5.637846768910926,8.938830771225232
UCI_Portuguese,649,2,Substitution,1.2647415967191677,0.30873970020687197,0.9560018965122957,0.2733704737020168,0.7289354682632149,1.8005477251751207,3.7194217039626665e-06,0.531602144241333,,,,,
UCI_Portuguese,649,2,EIF,1.0594808530784814,-0.2093147544211078,1.2687956074995892,0.09358538940489855,0.8760534898448802,1.2429082163120826,0.0,0.3586580753326416,2.3069569342860393e-16,-7.382262189715327e-16,11.507717283580437,11.298402529159329,12.567198136658918
xAPI,480,12,Substitution,0.3221449840791635,0.1456295619234374,0.17651542215572605,0.018455663888774253,0.28597188285716596,0.358318085301161,0.0,0.8095910549163818,,,,,
xAPI,480,12,EIF,0.20413118493598714,-0.035517499737707126,0.23964868467369427,0.08579654550107711,0.035969955753876015,0.37229241411809827,0.01734804091428055,0.5938451290130615,2.245507517074809e-16,-3.207867881535441e-17,0.9388131701057901,0.903295670368083,1.1429443550417773
Law_School,21791,1,Substitution,0.7211686121845555,0.5172269278389371,0.20394168434561838,3.4414764007532147e-06,0.7211618668908101,0.721175357478301,0.0,0.7295758724212646,,,,,
Law_School,21791,1,EIF,0.7142207185778118,0.5105406983067396,0.20368002027107215,0.01741879526930101,0.6800798798499817,0.7483615573056418,0.0,0.5498759746551514,0.0,-5.96711122225223e-17,-0.5013676994489609,0.009172998857778754,0.2128530191288509
OULAD,25820,22,Substitution,0.013534485613528813,-0.01982600642394516,0.033360492037473974,0.0022904163716965164,0.009045269525003641,0.018023701702053987,3.4381213431800006e-09,11.725461959838867,,,,,
OULAD,25820,22,EIF,0.07604669053917301,0.23006459918209832,-0.1540179086429253,0.02690376310544863,0.023315314852493697,0.12877806622585233,0.004704224754603192,4.97814416885376,-6.165468634912355e-17,7.046249868471262e-17,0.5546156868429891,0.7846802860250874,0.6306623773821621
