cluster,n,a_balance,y_mean,tau_eif,tau_NDE,tau_NIE,se,ci_lower,ci_upper,p_value
AAA_2013J,364,0.38186813186813184,0.7637362637362637,-0.03306544381248733,-0.028690888161999828,-0.004374555650487499,0.05393816111273811,-0.13878423959345404,0.07265335196847937,0.539859777639504
AAA_2014J,340,0.4441176470588235,0.7411764705882353,-0.06361451779632965,-0.14807740575378914,0.08446288795745949,0.05712833205208783,-0.1755860486184218,0.048357013025762494,0.2654778192733127
BBB_2013B,1366,0.8857979502196194,0.5878477306002928,0.03167250058495785,0.039012339208352675,-0.007339838623394823,0.01646478067748208,-0.0005984695429070222,0.06394347071282272,0.05439827701458233
BBB_2013J,1710,0.8947368421052632,0.6269005847953216,-0.009913408538219981,-0.027814265423691698,0.017900856885471716,0.05107553858965093,-0.1100214641739358,0.09019464709749583,0.8461030008661918
BBB_2014B,1204,0.8887043189368771,0.6038205980066446,-0.03839999955364237,-0.02738923621052891,-0.011010763343113461,0.017037104702713222,-0.07179272477096028,-0.00500727433632446,0.02420220387254224
BBB_2014J,1792,0.8783482142857143,0.6428571428571429,0.060135963255930736,-0.01615355599241375,0.07628951924834448,0.04365507976496024,-0.02542799308339133,0.1456999195952528,0.16834999445245957
CCC_2014B,1414,0.2333804809052334,0.46888260254596886,0.07407701996501187,-0.01658757231007807,0.09066459227508994,0.03855881606589847,-0.0014982595241491287,0.14965229945417285,0.05471361519074769
CCC_2014J,1998,0.26076076076076077,0.5075075075075075,0.14552099559378168,0.03732373399891081,0.10819726159487086,0.020106114940510327,0.10611301031038144,0.1849289808771819,4.565237077258644e-13
DDD_2013B,1064,0.4031954887218045,0.4793233082706767,-0.021699061200308234,-0.010770806169319247,-0.010928255030988987,0.033683981976860546,-0.0877196658749549,0.044321543474338435,0.5194488305080913
DDD_2013J,1505,0.40664451827242526,0.5508305647840531,-0.009751538211836941,-0.06222303802141815,0.05247149980958121,0.027689882847766554,-0.06402370859345938,0.0445206321697855,0.7247109861765213
DDD_2014B,944,0.388771186440678,0.5074152542372882,0.0005033186335375861,-0.06842354779027487,0.06892686642381246,0.036543205004656965,-0.07112136317559006,0.07212800044266524,0.989010885332217
DDD_2014J,1427,0.4022424667133847,0.555010511562719,-0.02935236552514231,-0.0727683321680982,0.04341596664295588,0.02736050837764925,-0.08297896194533484,0.024274230895050222,0.28336066173328
EEE_2013J,827,0.10399032648125756,0.7351874244256348,-0.011917593364396684,-0.04197688109016584,0.030059287725769157,0.06683297564614539,-0.14291022563084166,0.11907503890204829,0.8584724113314586
EEE_2014B,536,0.10820895522388059,0.6660447761194029,0.058011192335840955,-0.009816808321220671,0.06782800065706163,0.09170835613388245,-0.12173718568656863,0.23775957035825054,0.5270199141244967
EEE_2014J,934,0.1284796573875803,0.7323340471092077,0.010830676055278543,-0.037224750164172704,0.04805542621945125,0.05199864028248093,-0.09108665889838409,0.11274801100894118,0.8350043520233528
FFF_2013B,1367,0.19458668617410388,0.5720555961960497,0.06003649904956476,-0.023587979876544485,0.08362447892610925,0.039068952347891366,-0.01653864755230232,0.13661164565143186,0.12437155719527948
FFF_2013J,1872,0.16826923076923078,0.5849358974358975,0.05421167475620403,-0.052168140442818145,0.10637981519902218,0.03732427390809403,-0.01894390210366026,0.12736725161606832,0.14637627568164202
FFF_2014B,1205,0.17178423236514523,0.5427385892116182,0.04129675551832468,-0.08534429933659304,0.12664105485491772,0.048465917003733504,-0.05369644180899298,0.13628995284564233,0.3941706425450935
FFF_2014J,1842,0.18675352877307275,0.6064060803474485,0.08001054671225682,-0.009244329726713518,0.08925487643897034,0.03369967706441844,0.013959179665996677,0.14606191375851696,0.017585928183790456
GGG_2013J,818,0.8264058679706602,0.7237163814180929,-0.01732298145935851,-0.019132528518612135,0.0018095470592536245,0.055510068961912344,-0.1261227166247067,0.09147675370598968,0.7549879518260516
GGG_2014B,689,0.8055152394775036,0.6937590711175616,0.004855807630591458,-0.01728924144722821,0.022145049077819667,0.06224580701441268,-0.1171459741176574,0.1268575893788403,0.9378199421536824
GGG_2014J,602,0.8006644518272426,0.7375415282392026,0.048066908100166894,-0.0047089028066807925,0.05277581090684769,0.07820308459127906,-0.10521113769874005,0.20134495389907384,0.5387911052790397
