cluster,n,a_balance,y_mean,tau_eif,tau_NDE,tau_NIE,se,ci_lower,ci_upper,p_value,p_bh,p_bonferroni,sig_raw_05,sig_bh_05,sig_bonf_05,sig_bh_10
AAA_2013J,364,0.3818681318681318,0.7637362637362637,-0.0330654438124873,-0.0286908881619998,-0.0043745556504874,0.0539381611127381,-0.138784239593454,0.0726533519684793,0.539859777639504,0.7917943405379392,1.0,False,False,False,False
AAA_2014J,340,0.4441176470588235,0.7411764705882353,-0.0636145177963296,-0.1480774057537891,0.0844628879574594,0.0571283320520878,-0.1755860486184218,0.0483570130257624,0.2654778192733127,0.623393455813216,1.0,False,False,False,False
BBB_2013B,1366,0.8857979502196194,0.5878477306002928,0.0316725005849578,0.0390123392083526,-0.0073398386233948,0.016464780677482,-0.000598469542907,0.0639434707128227,0.0543982770145823,0.24073990683928942,1.0,False,False,False,False
BBB_2013J,1710,0.8947368421052632,0.6269005847953216,-0.0099134085382199,-0.0278142654236916,0.0179008568854717,0.0510755385896509,-0.1100214641739358,0.0901946470974958,0.8461030008661918,0.9443196524646045,1.0,False,False,False,False
BBB_2014B,1204,0.8887043189368771,0.6038205980066446,-0.0383999995536423,-0.0273892362105289,-0.0110107633431134,0.0170371047027132,-0.0717927247709602,-0.0050072743363244,0.0242022038725422,0.1774828283986428,0.5324484851959284,True,False,False,False
BBB_2014J,1792,0.8783482142857143,0.6428571428571429,0.0601359632559307,-0.0161535559924137,0.0762895192483444,0.0436550797649602,-0.0254279930833913,0.1456999195952528,0.1683499944524595,0.4629624847442636,1.0,False,False,False,False
CCC_2014B,1414,0.2333804809052334,0.4688826025459688,0.0740770199650118,-0.016587572310078,0.0906645922750899,0.0385588160658984,-0.0014982595241491,0.1496522994541728,0.0547136151907476,0.24073990683928942,1.0,False,False,False,False
CCC_2014J,1998,0.2607607607607607,0.5075075075075075,0.1455209955937816,0.0373237339989108,0.1081972615948708,0.0201061149405103,0.1061130103103814,0.1849289808771819,4.565237077258644e-13,1.0043521569969016e-11,1.0043521569969016e-11,True,True,True,True
DDD_2013B,1064,0.4031954887218045,0.4793233082706767,-0.0216990612003082,-0.0107708061693192,-0.0109282550309889,0.0336839819768605,-0.0877196658749549,0.0443215434743384,0.5194488305080913,0.7917943405379392,1.0,False,False,False,False
DDD_2013J,1505,0.4066445182724252,0.5508305647840531,-0.0097515382118369,-0.0622230380214181,0.0524714998095812,0.0276898828477665,-0.0640237085934593,0.0445206321697855,0.7247109861765213,0.9443196524646045,1.0,False,False,False,False
DDD_2014B,944,0.388771186440678,0.5074152542372882,0.0005033186335375,-0.0684235477902748,0.0689268664238124,0.0365432050046569,-0.07112136317559,0.0721280004426652,0.989010885332217,0.9890108853322169,1.0,False,False,False,False
DDD_2014J,1427,0.4022424667133847,0.555010511562719,-0.0293523655251423,-0.0727683321680982,0.0434159666429558,0.0273605083776492,-0.0829789619453348,0.0242742308950502,0.28336066173328,0.623393455813216,1.0,False,False,False,False
EEE_2013J,827,0.1039903264812575,0.7351874244256348,-0.0119175933643966,-0.0419768810901658,0.0300592877257691,0.0668329756461453,-0.1429102256308416,0.1190750389020482,0.8584724113314586,0.9443196524646045,1.0,False,False,False,False
EEE_2014B,536,0.1082089552238805,0.6660447761194029,0.0580111923358409,-0.0098168083212206,0.0678280006570616,0.0917083561338824,-0.1217371856865686,0.2377595703582505,0.5270199141244967,0.7917943405379392,1.0,False,False,False,False
EEE_2014J,934,0.1284796573875803,0.7323340471092077,0.0108306760552785,-0.0372247501641727,0.0480554262194512,0.0519986402824809,-0.091086658898384,0.1127480110089411,0.8350043520233528,0.9443196524646045,1.0,False,False,False,False
FFF_2013B,1367,0.1945866861741038,0.5720555961960497,0.0600364990495647,-0.0235879798765444,0.0836244789261092,0.0390689523478913,-0.0165386475523023,0.1366116456514318,0.1243715571952794,0.4560290430493578,1.0,False,False,False,False
FFF_2013J,1872,0.1682692307692307,0.5849358974358975,0.054211674756204,-0.0521681404428181,0.1063798151990221,0.037324273908094,-0.0189439021036602,0.1273672516160683,0.146376275681642,0.46003972357087486,1.0,False,False,False,False
FFF_2014B,1205,0.1717842323651452,0.5427385892116182,0.0412967555183246,-0.085344299336593,0.1266410548549177,0.0484659170037335,-0.0536964418089929,0.1362899528456423,0.3941706425450935,0.788341285090187,1.0,False,False,False,False
FFF_2014J,1842,0.1867535287730727,0.6064060803474485,0.0800105467122568,-0.0092443297267135,0.0892548764389703,0.0336996770644184,0.0139591796659966,0.1460619137585169,0.0175859281837904,0.1774828283986428,0.3868904200433888,True,False,False,False
GGG_2013J,818,0.8264058679706602,0.7237163814180929,-0.0173229814593585,-0.0191325285186121,0.0018095470592536,0.0555100689619123,-0.1261227166247067,0.0914767537059896,0.7549879518260516,0.9443196524646045,1.0,False,False,False,False
GGG_2014B,689,0.8055152394775036,0.6937590711175616,0.0048558076305914,-0.0172892414472282,0.0221450490778196,0.0622458070144126,-0.1171459741176574,0.1268575893788403,0.9378199421536824,0.9824780346371911,1.0,False,False,False,False
GGG_2014J,602,0.8006644518272426,0.7375415282392026,0.0480669081001668,-0.0047089028066807,0.0527758109068476,0.078203084591279,-0.10521113769874,0.2013449538990738,0.5387911052790397,0.7917943405379392,1.0,False,False,False,False
