dataset,gamma,tau_lower,tau_upper,sign_preserved
UCI_Math,1.0,-5.155801613689215,-5.155801613689215,True
UCI_Math,1.25,-2.0194369432645836,-0.06345681775719925,True
UCI_Math,1.5,-3.057852905951693,0.6986345960490432,False
UCI_Math,1.75,-3.84390662941159,1.3553861882284188,False
UCI_Math,2.0,-4.487574195002217,2.1959919373072623,False
UCI_Math,2.5,-5.692859489874801,3.331176546687523,False
UCI_Math,3.0,-6.961678308971484,4.555906914998134,False
UCI_Portuguese,1.0,1.0594808530784814,1.0594808530784814,True
UCI_Portuguese,1.25,0.4537544812063974,1.7828485892040469,True
UCI_Portuguese,1.5,-0.13460878493181028,2.368039917051739,False
UCI_Portuguese,1.75,-0.6725592219350123,2.8834686183949607,False
UCI_Portuguese,2.0,-1.155106495609001,3.3876300829689416,False
UCI_Portuguese,2.5,-2.058279001461255,4.277811978298299,False
UCI_Portuguese,3.0,-2.8800440374751357,5.212905979039174,False
xAPI,1.0,0.20413118493598714,0.20413118493598714,True
xAPI,1.25,0.1379329541552835,0.4881976479845028,True
xAPI,1.5,-0.022975298087336782,0.6229155622317744,False
xAPI,1.75,-0.15851740035211626,0.7567128445968498,False
xAPI,2.0,-0.2702118095657946,0.8894179464694966,False
xAPI,2.5,-0.506088123075498,1.1173622560070489,False
xAPI,3.0,-0.7216317471040509,1.3389258945837055,False
Law_School,1.0,0.7142207185778118,0.7142207185778118,True
Law_School,1.25,0.6991635186814038,0.7333286135150767,True
Law_School,1.5,0.6840250017338032,0.7471567089647012,True
Law_School,1.75,0.6708397078178275,0.7608993712823838,True
Law_School,2.0,0.6580624839205321,0.771973047782367,True
Law_School,2.5,0.6368476854285865,0.7920515122471827,True
Law_School,3.0,0.6143695193034963,0.8126598698423129,True
OULAD,1.0,0.07604669053917301,0.07604669053917301,True
OULAD,1.25,-0.07851781355714027,0.14163090300883263,False
OULAD,1.5,-0.17076327287527648,0.2354709746122583,False
OULAD,1.75,-0.256500098833998,0.31956036570131735,False
OULAD,2.0,-0.33317862875842247,0.39729266766212673,False
OULAD,2.5,-0.4802687445638695,0.5441444926757062,False
OULAD,3.0,-0.6192307064167553,0.6811402700421136,False
