cluster,n,tau,abs_tau,gamma_break
CCC_2014J,1998,0.14552099559378168,0.14552099559378168,1.25
FFF_2014J,1842,0.08001054671225682,0.08001054671225682,1.25
CCC_2014B,1414,0.07407701996501187,0.07407701996501187,1.25
AAA_2014J,340,-0.06361451779632965,0.06361451779632965,1.25
BBB_2014J,1792,0.060135963255930736,0.060135963255930736,1.5
FFF_2013B,1367,0.06003649904956476,0.06003649904956476,1.25
EEE_2014B,536,0.058011192335840955,0.058011192335840955,1.25
FFF_2013J,1872,0.05421167475620403,0.05421167475620403,1.25
GGG_2014J,602,0.048066908100166894,0.048066908100166894,1.5
FFF_2014B,1205,0.04129675551832468,0.04129675551832468,1.25
BBB_2014B,1204,-0.03839999955364237,0.03839999955364237,1.5
AAA_2013J,364,-0.03306544381248733,0.03306544381248733,1.25
BBB_2013B,1366,0.03167250058495785,0.03167250058495785,1.75
DDD_2014J,1427,-0.02935236552514231,0.02935236552514231,1.25
DDD_2013B,1064,-0.021699061200308234,0.021699061200308234,1.25
GGG_2013J,818,-0.01732298145935851,0.01732298145935851,1.25
EEE_2013J,827,-0.011917593364396684,0.011917593364396684,1.25
EEE_2014J,934,0.010830676055278543,0.010830676055278543,1.25
BBB_2013J,1710,-0.009913408538219981,0.009913408538219981,1.25
DDD_2013J,1505,-0.009751538211836941,0.009751538211836941,1.25
GGG_2014B,689,0.004855807630591458,0.004855807630591458,1.25
DDD_2014B,944,0.0005033186335375861,0.0005033186335375861,1.25
