dataset,psi_via_M,tau,ci_lower,ci_upper
UCI_Math,0.0,-5.155801613689215,-7.398006899620432,-2.9135963277579986
UCI_Math,0.25,-5.981047614267792,-8.653490480356185,-3.3086047481794005
UCI_Math,0.5,-6.806293614846369,-9.90897406109194,-3.7036131686007985
UCI_Math,0.75,-7.631539615424945,-11.164457641827688,-4.098621589022201
UCI_Math,1.0,-8.456785616003522,-12.419941222563445,-4.493630009443599
UCI_Portuguese,0.0,1.0594808530784814,0.8760534898448802,1.2429082163120826
UCI_Portuguese,0.25,0.7422819512035841,0.6744982243900011,0.8100656780171671
UCI_Portuguese,0.5,0.4250830493286868,0.10608823246791971,0.7440778661894538
UCI_Portuguese,0.75,0.10788414745378949,-0.46232175945416165,0.6780900543617406
UCI_Portuguese,1.0,-0.2093147544211078,-1.0307317513762428,0.6121022425340273
xAPI,0.0,0.20413118493598714,0.035969955753876015,0.37229241411809827
xAPI,0.25,0.14421901376756358,-0.04900839467843676,0.3374464222135639
xAPI,0.5,0.08430684259914001,-0.14436328101166504,0.3129769662099451
xAPI,0.75,0.02439467143071644,-0.2460453055924831,0.294834648453916
xAPI,1.0,-0.035517499737707126,-0.35155562812594615,0.2805206286505319
Law_School,0.0,0.7142207185778118,0.6800798798499817,0.7483615573056418
Law_School,0.25,0.6633007135100437,0.629677083085123,0.6969243439349644
Law_School,0.5,0.6123807084422758,0.5788118897391195,0.6459495271454321
Law_School,0.75,0.5614607033745077,0.5274820620308507,0.5954393447181647
Law_School,1.0,0.5105406983067396,0.4757039941248261,0.5453774024886532
OULAD,0.0,0.07604669053917301,0.023315314852493697,0.12877806622585233
OULAD,0.25,0.11455116769990434,0.059244395299164594,0.1698579401006441
OULAD,0.5,0.15305564486063566,0.07542792884337286,0.23068336087789848
OULAD,0.75,0.191560122021367,0.08347558268377979,0.2996446613589542
OULAD,1.0,0.23006459918209832,0.08854620771769489,0.37158299064650174
