cluster,n,gamma,tau_point,tau_lower,tau_upper,sign_preserved
AAA_2013J,364,1.0,-0.03306544381248733,-0.03306544381248733,-0.03306544381248733,True
AAA_2013J,364,1.25,-0.03306544381248733,-0.22422496008733905,0.028347231103051818,False
AAA_2013J,364,1.5,-0.03306544381248733,-0.3344581648000622,0.13092965454576788,False
AAA_2013J,364,1.75,-0.03306544381248733,-0.4363921791769375,0.2246358490985999,False
AAA_2013J,364,2.0,-0.03306544381248733,-0.5306660110300824,0.3158292637820128,False
AAA_2013J,364,2.5,-0.03306544381248733,-0.7065923437429398,0.47140122040819193,False
AAA_2013J,364,3.0,-0.03306544381248733,-0.8670802370055062,0.6182370367941338,False
AAA_2014J,340,1.0,-0.06361451779632965,-0.06361451779632965,-0.06361451779632965,True
AAA_2014J,340,1.25,-0.06361451779632965,-0.18341210607111824,0.04852499634794216,False
AAA_2014J,340,1.5,-0.06361451779632965,-0.2692747418129058,0.1571562099133933,False
AAA_2014J,340,1.75,-0.06361451779632965,-0.36271525859821696,0.23863096244001802,False
AAA_2014J,340,2.0,-0.06361451779632965,-0.44579186767407686,0.3225078069553504,False
AAA_2014J,340,2.5,-0.06361451779632965,-0.6016364743473764,0.46958509057288433,False
AAA_2014J,340,3.0,-0.06361451779632965,-0.7344542258964817,0.6165564297794688,False
BBB_2013B,1366,1.0,0.03167250058495785,0.03167250058495785,0.03167250058495785,True
BBB_2013B,1366,1.25,0.03167250058495785,0.02559306847715559,0.06274238774362051,True
BBB_2013B,1366,1.5,0.03167250058495785,0.00970299189218471,0.07973437339289813,True
BBB_2013B,1366,1.75,0.03167250058495785,-0.009713267355945743,0.08823030847529023,False
BBB_2013B,1366,2.0,0.03167250058495785,-0.02254907074132151,0.098614295068494,False
BBB_2013B,1366,2.5,0.03167250058495785,-0.05726189264378451,0.12929474964041537,False
BBB_2013B,1366,3.0,0.03167250058495785,-0.08276536630658743,0.14627521090523077,False
BBB_2013J,1710,1.0,-0.009913408538219981,-0.009913408538219981,-0.009913408538219981,True
BBB_2013J,1710,1.25,-0.009913408538219981,-0.0064144801513089655,0.05376246436739385,False
BBB_2013J,1710,1.5,-0.009913408538219981,-0.032630453631222134,0.0783798358865978,False
BBB_2013J,1710,1.75,-0.009913408538219981,-0.05972324921381389,0.0997588755053686,False
BBB_2013J,1710,2.0,-0.009913408538219981,-0.0854175356797971,0.12315789582473352,False
BBB_2013J,1710,2.5,-0.009913408538219981,-0.12880957020819805,0.16158868628779582,False
BBB_2013J,1710,3.0,-0.009913408538219981,-0.17636473501149041,0.20454805248021002,False
BBB_2014B,1204,1.0,-0.03839999955364237,-0.03839999955364237,-0.03839999955364237,True
BBB_2014B,1204,1.25,-0.03839999955364237,-0.0640501323109105,-0.00775121117829114,True
BBB_2014B,1204,1.5,-0.03839999955364237,-0.08237509735822718,0.020154782033549312,False
BBB_2014B,1204,1.75,-0.03839999955364237,-0.09848445157044428,0.02237252763155151,False
BBB_2014B,1204,2.0,-0.03839999955364237,-0.1212721916994195,0.05071188625245865,False
BBB_2014B,1204,2.5,-0.03839999955364237,-0.158539453672305,0.07768796668100658,False
BBB_2014B,1204,3.0,-0.03839999955364237,-0.20784696192409657,0.11515456009087527,False
BBB_2014J,1792,1.0,0.060135963255930736,0.060135963255930736,0.060135963255930736,True
BBB_2014J,1792,1.25,0.060135963255930736,0.02876065998872057,0.10924521802943143,True
BBB_2014J,1792,1.5,0.060135963255930736,-0.007062933811950223,0.1482950203496461,False
BBB_2014J,1792,1.75,0.060135963255930736,-0.030602796676558575,0.16762338496732238,False
BBB_2014J,1792,2.0,0.060135963255930736,-0.05941894799315517,0.1975815915324663,False
BBB_2014J,1792,2.5,0.060135963255930736,-0.12257951697442132,0.2549429076435129,False
BBB_2014J,1792,3.0,0.060135963255930736,-0.17599801514254,0.2994220063142066,False
CCC_2014B,1414,1.0,0.07407701996501187,0.07407701996501187,0.07407701996501187,True
CCC_2014B,1414,1.25,0.07407701996501187,-0.07323246517373216,0.21543697996253536,False
CCC_2014B,1414,1.5,0.07407701996501187,-0.19769655947032877,0.33798344579319045,False
CCC_2014B,1414,1.75,0.07407701996501187,-0.3104784813868109,0.4471436636176926,False
CCC_2014B,1414,2.0,0.07407701996501187,-0.4171419746757759,0.5507339527443736,False
CCC_2014B,1414,2.5,0.07407701996501187,-0.6099981942919956,0.7383751769066194,False
CCC_2014B,1414,3.0,0.07407701996501187,-0.7870381504594699,0.9259791524259875,False
CCC_2014J,1998,1.0,0.14552099559378168,0.14552099559378168,0.14552099559378168,True
CCC_2014J,1998,1.25,0.14552099559378168,-0.09716558729930797,0.19801747336029824,False
CCC_2014J,1998,1.5,0.14552099559378168,-0.22289369945287968,0.32272910546751443,False
CCC_2014J,1998,1.75,0.14552099559378168,-0.3378268714500762,0.434926772120733,False
CCC_2014J,1998,2.0,0.14552099559378168,-0.4405974065530103,0.5422648459663483,False
CCC_2014J,1998,2.5,0.14552099559378168,-0.6397970750428528,0.7340152131604097,False
CCC_2014J,1998,3.0,0.14552099559378168,-0.8267589775610319,0.9206047565090298,False
DDD_2013B,1064,1.0,-0.021699061200308234,-0.021699061200308234,-0.021699061200308234,True
DDD_2013B,1064,1.25,-0.021699061200308234,-0.1310703393404355,0.14787976256002378,False
DDD_2013B,1064,1.5,-0.021699061200308234,-0.24868362435649993,0.26700582411372126,False
DDD_2013B,1064,1.75,-0.021699061200308234,-0.35670750478153923,0.36953235904272025,False
DDD_2013B,1064,2.0,-0.021699061200308234,-0.46002592271540815,0.46457526239947583,False
DDD_2013B,1064,2.5,-0.021699061200308234,-0.6465122903846727,0.6559389573110836,False
DDD_2013B,1064,3.0,-0.021699061200308234,-0.8180503683598803,0.83126557214508,False
DDD_2013J,1505,1.0,-0.009751538211836941,-0.009751538211836941,-0.009751538211836941,True
DDD_2013J,1505,1.25,-0.009751538211836941,-0.1349909096844744,0.13066550056616583,False
DDD_2013J,1505,1.5,-0.009751538211836941,-0.2455728765386374,0.24532871162389086,False
DDD_2013J,1505,1.75,-0.009751538211836941,-0.3509708270011331,0.344848712310165,False
DDD_2013J,1505,2.0,-0.009751538211836941,-0.44485955991101206,0.44188470974795846,False
DDD_2013J,1505,2.5,-0.009751538211836941,-0.6197176790965202,0.6187090077954002,False
DDD_2013J,1505,3.0,-0.009751538211836941,-0.7863690640385923,0.7837449607994714,False
DDD_2014B,944,1.0,0.0005033186335375861,0.0005033186335375861,0.0005033186335375861,True
DDD_2014B,944,1.25,0.0005033186335375861,-0.15086555549479075,0.12953610622536077,False
DDD_2014B,944,1.5,0.0005033186335375861,-0.27296539030157113,0.24509443763058675,False
DDD_2014B,944,1.75,0.0005033186335375861,-0.37867484791576567,0.3525945096987766,False
DDD_2014B,944,2.0,0.0005033186335375861,-0.4828777092491373,0.4492931809834671,False
DDD_2014B,944,2.5,0.0005033186335375861,-0.6689367307238645,0.636936750792384,False
DDD_2014B,944,3.0,0.0005033186335375861,-0.8468642300518878,0.8006502931222281,False
DDD_2014J,1427,1.0,-0.02935236552514231,-0.02935236552514231,-0.02935236552514231,True
DDD_2014J,1427,1.25,-0.02935236552514231,-0.15040927898791873,0.11924968247068563,False
DDD_2014J,1427,1.5,-0.02935236552514231,-0.26107986878043105,0.2397116927475333,False
DDD_2014J,1427,1.75,-0.02935236552514231,-0.36946048518901226,0.33701931476393204,False
DDD_2014J,1427,2.0,-0.02935236552514231,-0.4631747211969072,0.43619731664699823,False
DDD_2014J,1427,2.5,-0.02935236552514231,-0.6445041179339377,0.6106897007020188,False
DDD_2014J,1427,3.0,-0.02935236552514231,-0.8099686674142488,0.7850576518376619,False
EEE_2013J,827,1.0,-0.011917593364396684,-0.011917593364396684,-0.011917593364396684,True
EEE_2013J,827,1.25,-0.011917593364396684,-0.19755530350623163,0.07399372880062194,False
EEE_2013J,827,1.5,-0.011917593364396684,-0.3156990335705353,0.18630551332207324,False
EEE_2013J,827,1.75,-0.011917593364396684,-0.4193250641696783,0.2907490132356907,False
EEE_2013J,827,2.0,-0.011917593364396684,-0.5216381216351607,0.3813667044339346,False
EEE_2013J,827,2.5,-0.011917593364396684,-0.7036538175535764,0.5612285816044398,False
EEE_2013J,827,3.0,-0.011917593364396684,-0.8773226169181827,0.7272369215319836,False
EEE_2014B,536,1.0,0.058011192335840955,0.058011192335840955,0.058011192335840955,True
EEE_2014B,536,1.25,0.058011192335840955,-0.11489306717595504,0.18620336620482125,False
EEE_2014B,536,1.5,0.058011192335840955,-0.24819296773024635,0.30779605062721815,False
EEE_2014B,536,1.75,0.058011192335840955,-0.3581038523625947,0.4265720539332909,False
EEE_2014B,536,2.0,0.058011192335840955,-0.4615734603251472,0.5401929990043224,False
EEE_2014B,536,2.5,0.058011192335840955,-0.6537929668121603,0.7479770986877823,False
EEE_2014B,536,3.0,0.058011192335840955,-0.840489113051553,0.9383329696316792,False
EEE_2014J,934,1.0,0.010830676055278543,0.010830676055278543,0.010830676055278543,True
EEE_2014J,934,1.25,0.010830676055278543,-0.12495345357583387,0.11607284765018999,False
EEE_2014J,934,1.5,0.010830676055278543,-0.23429018390406753,0.21330902097818538,False
EEE_2014J,934,1.75,0.010830676055278543,-0.3254563554681863,0.30782038472839957,False
EEE_2014J,934,2.0,0.010830676055278543,-0.4142361303207681,0.39105951572578923,False
EEE_2014J,934,2.5,0.010830676055278543,-0.5762296515413265,0.5505996169932017,False
EEE_2014J,934,3.0,0.010830676055278543,-0.7342343082772338,0.6969232049766751,False
FFF_2013B,1367,1.0,0.06003649904956476,0.06003649904956476,0.06003649904956476,True
FFF_2013B,1367,1.25,0.06003649904956476,-0.09767622071709403,0.16877686716950946,False
FFF_2013B,1367,1.5,0.06003649904956476,-0.20744392166213343,0.28608713866166546,False
FFF_2013B,1367,1.75,0.06003649904956476,-0.31229253292496373,0.38503620267103855,False
FFF_2013B,1367,2.0,0.06003649904956476,-0.40466810350283655,0.4843858888239221,False
FFF_2013B,1367,2.5,0.06003649904956476,-0.580290352890705,0.6635265044745964,False
FFF_2013B,1367,3.0,0.06003649904956476,-0.7486972068336875,0.8284683031244867,False
FFF_2013J,1872,1.0,0.05421167475620403,0.05421167475620403,0.05421167475620403,True
FFF_2013J,1872,1.25,0.05421167475620403,-0.07626069251410272,0.21162055184439998,False
FFF_2013J,1872,1.5,0.05421167475620403,-0.1977287874652625,0.3353224845433361,False
FFF_2013J,1872,1.75,0.05421167475620403,-0.30945036051708147,0.4442133337874001,False
FFF_2013J,1872,2.0,0.05421167475620403,-0.4147386640349895,0.5429943419842528,False
FFF_2013J,1872,2.5,0.05421167475620403,-0.6037206434778761,0.7391446045883303,False
FFF_2013J,1872,3.0,0.05421167475620403,-0.7872607153245773,0.917462564726304,False
FFF_2014B,1205,1.0,0.04129675551832468,0.04129675551832468,0.04129675551832468,True
FFF_2014B,1205,1.25,0.04129675551832468,-0.1318388906950133,0.13274915890486294,False
FFF_2014B,1205,1.5,0.04129675551832468,-0.24139246802365372,0.24871301428900722,False
FFF_2014B,1205,1.75,0.04129675551832468,-0.34018852644842595,0.35285189365337444,False
FFF_2014B,1205,2.0,0.04129675551832468,-0.4362736681508343,0.4472791904042841,False
FFF_2014B,1205,2.5,0.04129675551832468,-0.6154909532054176,0.6202532099679628,False
FFF_2014B,1205,3.0,0.04129675551832468,-0.7795518042267504,0.7878451193117211,False
FFF_2014J,1842,1.0,0.08001054671225682,0.08001054671225682,0.08001054671225682,True
FFF_2014J,1842,1.25,0.08001054671225682,-0.026464279873876118,0.1877581373895223,False
FFF_2014J,1842,1.5,0.08001054671225682,-0.11538022432603467,0.281331281300675,False
FFF_2014J,1842,1.75,0.08001054671225682,-0.19748013076216564,0.36363035882605477,False
FFF_2014J,1842,2.0,0.08001054671225682,-0.272672446740252,0.4416545870460224,False
FFF_2014J,1842,2.5,0.08001054671225682,-0.4200311504208796,0.5825462449358754,False
FFF_2014J,1842,3.0,0.08001054671225682,-0.5513298816884034,0.7150090394892121,False
GGG_2013J,818,1.0,-0.01732298145935851,-0.01732298145935851,-0.01732298145935851,True
GGG_2013J,818,1.25,-0.01732298145935851,-0.05336268490775131,0.062062448707130624,False
GGG_2013J,818,1.5,-0.01732298145935851,-0.10930501887023392,0.10674018801338014,False
GGG_2013J,818,1.75,-0.01732298145935851,-0.14249583410214717,0.1444403540393019,False
GGG_2013J,818,2.0,-0.01732298145935851,-0.1986989931328803,0.1954301761550843,False
GGG_2013J,818,2.5,-0.01732298145935851,-0.2637157262309431,0.2637008057398986,False
GGG_2013J,818,3.0,-0.01732298145935851,-0.32310076057643133,0.3347336009705529,False
GGG_2014B,689,1.0,0.004855807630591458,0.004855807630591458,0.004855807630591458,True
GGG_2014B,689,1.25,0.004855807630591458,-0.08490203646448025,0.050804164495714454,False
GGG_2014B,689,1.5,0.004855807630591458,-0.14128455083762737,0.10039478185521888,False
GGG_2014B,689,1.75,0.004855807630591458,-0.1981597110967851,0.15993515133768088,False
GGG_2014B,689,2.0,0.004855807630591458,-0.2397724432514009,0.20954317819260193,False
GGG_2014B,689,2.5,0.004855807630591458,-0.33558000107342345,0.30106996980931844,False
GGG_2014B,689,3.0,0.004855807630591458,-0.411548295193565,0.37155701595947616,False
GGG_2014J,602,1.0,0.048066908100166894,0.048066908100166894,0.048066908100166894,True
GGG_2014J,602,1.25,0.048066908100166894,0.015804685649099537,0.15678124154495,True
GGG_2014J,602,1.5,0.048066908100166894,-0.047452730211366645,0.20992045906377743,False
GGG_2014J,602,1.75,0.048066908100166894,-0.09952368241924847,0.2717321700018437,False
GGG_2014J,602,2.0,0.048066908100166894,-0.15590597105518522,0.32041511314026805,False
GGG_2014J,602,2.5,0.048066908100166894,-0.24655746936621825,0.4217735988074776,False
GGG_2014J,602,3.0,0.048066908100166894,-0.34264433449046855,0.5219504073298218,False
